"user_name","purchase_count"
"$@|\|TO$|-|",10
"8309-873146",2
"8360101472",2
"8826277722",3
"A",2
"A K Bindhani",4
"A R",2
"A Vase",5
"A.M.",2
"ABHAY SINGH",3
"AJAY KUMAR",3
"AKSHAY KHOWAL",2
"AMAN KUMAR",3
"ANIKET",3
"ANURAG",2
"AR",4
"ARUN KUMAR",2
"ASIF ANSARI",6
"ASR",4
"ATHARVA BONDRE",3
"AV",7
"Aakaash Ramchandani",4
"Aakash",2
"Aamir",2
"Aashiq",4
"Aashna Nasta",3
"Aasim Ansari",2
"Abbimaniu Singh",4
"Abdul Maktedar",3
"Abdulkadir",2
"Abdulla A N",3
"Abe Ralte",2
"Abeendranath K.",2
"Abhay Goyal",2
"Abhi Khaire",2
"Abhilasha",3
"Abhiram Ganesh",2
"Abhishek",11
"Abhishek Chauhan",2
"Abhishek Kumar",4
"Abhishek Nigam",2
"Abhishek Patil",2
"Abhishek Thapar",3
"Abhishek kumar",2
"Abid Hossain",3
"Abiram",4
"Actual user",5
"Adarsh",4
"Adarsh gupta",8
"Adhikundhan",2
"Adil",2
"Aditya",3
"Aditya Gupta",3
"Aditya Kumar",12
"Aditya Singh",4
"Aditya sikarwar",2
"Adnan",5
"Adnan Malik",2
"Adv. Manish kotwani",4
"Advaid Haridas",3
"Adwait Kulkarni",2
"Agnish Mallick",3
"Ahsan Shaikh",5
"Ajay",10
"Ajay Kumar",2
"Ajay Singh",2
"Ajay Wadke",3
"Ajaybabu.O.M",6
"Ajeet",2
"Ajinkya",4
"Ajinkya M K",2
"Ajit",2
"Ajit Kumar Rai",2
"Ajitesh Kushwaha",2
"Ajwadh a.",7
"Ak",3
"Akash",4
"Akash Jindal",3
"Akash Sharma",2
"Akash Thakur",10
"Akash Yadav",2
"Akshat Sharma",2
"Akshay",9
"Akshay Talla",3
"Akshay wani",4
"Alok",2
"Altaf Khan",2
"Aman",8
"Aman Kumar",2
"Aman Rizvi",2
"Aman singh",2
"Amazon Customer",630
"Amazon customer",5
"Amazon user",3
"AmazonCustomer",2
"Amazon_Shopper",3
"Ambalika Sarkar",3
"Amit",13
"Amit Benwal",2
"Amit Chotrani",2
"Amit Kumar",5
"Amit Sharma",3
"Amit Singh",3
"Amit T.",2
"Amit katoch",3
"Amit sahu",3
"Amita",2
"Amitabha",2
"Amith Kumar M",2
"Amjath sp",2
"Amol Basutkar",4
"Amol Manjrekar",5
"Amol kale",2
"Amresh singh",2
"Amrut K.",7
"Ana",3
"Anand",12
"Anand Patel",2
"Anand k.",3
"Anand sarma",2
"Ananta Bhaskar Somawanshi",3
"Ananya",2
"Andy",3
"Aneesh Mohan",2
"Aniket",5
"Anil",5
"Anil Kumar",3
"Anil p.",3
"Anindya",3
"Anirban",2
"Anirban B.",4
"Aniruddha Joshi",2
"Anirudh Sood",3
"Anirvan Kule",2
"Anish",2
"Anjali",2
"Anjaneyulu",3
"Anjeela",2
"Ankit",11
"Ankit Kumar Singh",2
"Ankita",2
"Ankita Dwivedi",2
"Anku kumar",2
"Ankur Awasthi",2
"Anmol",3
"Anonymous",8
"Anoop Chandran",2
"Anoop Sharma",3
"Anshita",4
"Anshu",2
"Anshul",2
"Anshuman",2
"Anthony S.",2
"Anto RK",4
"Anu",5
"Anu B",5
"Anu Manoj",2
"Anubhab",2
"Anudeepika Ankam",2
"Anuj",4
"Anuj Chauhan",2
"Anuja Lad",2
"Anup Roy",2
"Anupam",3
"Anuradha Banerjee",3
"Anurag",2
"Anurag kumar",3
"Aparna",2
"App",2
"Apurav",2
"Apurva",2
"Arbind Kumar",3
"Archana",4
"ArdKn",10
"Arghya Roy",2
"Arjun Sen",2
"Arjun Thomas",2
"Arjun vaidya",2
"Arty",2
"Arul",5
"Arun",15
"Arun Kalkunte",2
"Arun S.",3
"Arun Sharma",3
"Arun k.",4
"Arun prasath",2
"Arun verma",3
"Arv",4
"Arvind",4
"Arvind kumar",3
"Aryan",2
"Ashfaq Ahmed",2
"Ashish",6
"Ashish Raj Arora",5
"Ashish Singh",2
"Ashok",2
"Ashok kumar",2
"Ashok.",2
"Ashutosh",8
"Ashwin",3
"Ashwin Showi",2
"Asif ikbal",3
"Asim",2
"Asp",7
"Atesham",2
"Atif",2
"Atul kumar",2
"Atulya Sinha",3
"Avii",2
"Avijit Basak",3
"Avinash",3
"Avinash kumar",2
"Avinash singh",2
"Avishek Majumdar",2
"Avninder Singh",4
"Ayush",7
"Ayush kumar Prajapati",2
"Azarudeen",2
"Azhar JuMan",3
"B J SHIVA SHANKAR",2
"BALASUNDHARAM B",2
"BG",2
"BKBasu",2
"BOOPATHI",3
"BUNGA DINESH",2
"Babu Singh Rathore",3
"Balaji",3
"Basha_Neerati",2
"Bhanu",4
"Bhanu Vardhan",2
"BharanI",7
"Bhargav",3
"Bhavesh Bodat",3
"Bhavy kachhadiya",3
"Bhawna",2
"Bhosale Techno Solution Pvt Ltd",3
"Bhupendra",2
"Bhupendra Verma",2
"Bibin",2
"Biju Abraham Thomas",3
"Binu",4
"Bipin",2
"Birendra ku Dash",3
"Biswajit Udayabhanu",3
"Blackspade",3
"Bobby",2
"Boopathi",4
"Brajesh Jha",2
"Bristidev Burman",2
"Bsharat Ali",2
"Bunty s",2
"Burger Planet",10
"Buyer",3
"C",3
"C.Rajeshkannan",2
"CK",4
"CSK_OFFICIAL",3
"Chandani Dinodia",4
"Chandra kant",3
"Chandra sekhar sahoo",2
"Chandra.g",2
"Chandrasekara rajasekara reddy",3
"Chandu",2
"Cheekoti Rameshwara murthy",2
"Chetan",2
"Chinmayee Ninawe",5
"Chintada Bhaskar Rao",5
"Chiranjeevi",4
"Chitra",6
"Customer",9
"D MANJUNATHAN",2
"D Ravi",2
"D.Dutta",2
"D.RAGHUL",8
"DEEPAK  MAZUMDAR",2
"DEEPAN CHAKRAVARTHI R",2
"DHONDU",2
"DRISHTI VASHISTH GUPTA",6
"Darpan chauhan",2
"Das",4
"Dass",3
"Datta Dhanwate",2
"Debabrata Das",2
"Debasish Saha",2
"Deep",2
"Deepaak Singh",3
"Deepak",17
"Deepak Kanwaliya",2
"Deepak Karki",2
"Deepak Kumar",4
"Deepak Rathod",2
"Deepak kumar",2
"Deepankar G.",3
"Deeps",5
"Deepthi",2
"Derrick Angelsz",2
"Devanand S B",3
"Devendra Singh",2
"Devendu Sawant",3
"Devesh",3
"Dewang",2
"Dhananjay Sevalkar",2
"Dhanush",2
"Dharemesh K.",4
"Dharmendra",2
"Dharmendra kumar",8
"Dheeraj",2
"Dhinesh Sridhar",2
"Dhineshkumar",2
"Dhivakaran",2
"Dhruba Jyoti Das",2
"Dhruv Shah",2
"Diamond heart",2
"Dibya",2
"Diganta Gogoi",3
"Dileep Venigalla",2
"Dileepkumar",3
"Dilip",3
"Dimpal",2
"Dinesh",3
"Dinesh K.",2
"Dinesh jumani",2
"Dipak Sutrdhar",3
"Dipanshu Kr Biswas",2
"Dipu",2
"Divya Devkar",2
"Divya Kothari",3
"Divyansh",2
"Dona Sreekumar",3
"Done Chandra Mouli",5
"Dongay Rajasekhar Panda",2
"Dr G S Santosh",2
"Dr Sunilkumar H",6
"Dr. Gilbert Ignat",2
"Dr. Rinchin",2
"Dr.Aasif",3
"Drew Arsenic",3
"Drowna roy",2
"Durai Vignesh",4
"Durga",2
"Durvesh Sawant",2
"E.C.GEORGE",11
"E.GURUBARAN",3
"EAGLE",2
"Ehsan Ul Haq",2
"Ekant Sharma",2
"Ekta",2
"Ezaz Ashraf",2
"FH",5
"Fazil Mohamed",3
"Flora.bebo.vidyarthi",2
"G RAJAN",2
"G'DAS ENTERPRISES",2
"GHOST",5
"Gagan",2
"Gajendra Kumar sharma",2
"Ganesh",7
"Ganesh Gholap",2
"Ganesh Inguva",5
"Gangadhar",5
"Gatij saini",3
"Gaurab Chakraborty",2
"Gaurav",7
"Gaurav Chaubey",3
"Gaurav Choudhary",2
"Gauri salkar",5
"Gautham Panchavadi",2
"Geeta",2
"Ghanshyam Hemade",3
"Gigi",2
"Girish",2
"Gojo Satoru",2
"Gokul",3
"Gopal krishna rout",3
"Gopal kumar",3
"Gopalakrishnan",3
"Gopi",2
"Gopi Sahu",2
"Gopinadh.P",2
"Goutam",2
"Govind Gujarathi",3
"Gowtham",3
"Gowthami",6
"Gs7",3
"Gurpreet S.",3
"Gursewak Singh",2
"Gurujeetsingh Pardeshi",2
"HARIHARAN M",2
"HEMALATHA",7
"HIMANSHU JOSHIYARA",2
"HIREN PARMAR",2
"Haran",5
"Hari",4
"Hari Krishnan PS",3
"Hari Prasad P",2
"HariBol ‚ù§",3
"Harindra",5
"Harish",3
"Harish Thakkar",2
"Harmit",2
"Haroon sayeed",2
"Harsh",3
"Harsh Kumar Shrivastava",2
"Harsha",7
"Harshal Mehta",2
"Harshit",2
"Harshitha",3
"Hasibul seikh",2
"Hem Roy",2
"Hemant",2
"Hemanth J.",2
"Hemavaraprasad",2
"Himanshu",8
"Himanshu Goel",7
"Himanshu Yogi",2
"Himon Roy",4
"Hitender singh",2
"Hremant",3
"Hrishikesh",3
"Hritik jain",4
"IBRAHIM S",3
"IQ",2
"Imran",2
"Indro",3
"Ishwar Singh Sankhla",2
"It's Me Swaraj ...",3
"J vasanth",3
"J.S.",2
"JAGWINDER SINGH",2
"JAIDEV CHOUDHARY",4
"JASWANTSINGH",2
"JAWAGAR T",4
"JD",8
"JK",2
"JS",2
"Jagadish",2
"Jagdeesh singh",2
"Jagdish Joshi",4
"Jai Jyothir",2
"Jai kumar",3
"Jamshed",3
"Jasmin Gosrani",2
"Jatin Shah",4
"Jay",9
"Jay d.",2
"Jayakrishna Shenoy",2
"Jayakrishnan R",2
"Jayan Menon",2
"Jayanth",2
"Jaydeep",2
"Jayendra Pai",2
"Jayesh",8
"Jayesh bagad",4
"Jean-Louis M.",5
"Jeet Jangam",2
"Jeeva",2
"Jeevan",3
"Jeevan Prasad",2
"JeneZ",4
"Jigar",3
"Jitendra Prajapati",3
"Jitendra vishwakarma",2
"Jitesh",2
"Jithindas",3
"Jitu",2
"Jm",6
"Joel Thomas",2
"Jogendra",2
"Jogi",6
"Jophin Joseph",2
"Jose Febin",3
"Joshilla P.",2
"Jp",2
"Jugalkishor yadav",5
"Justice ‚öñÔ∏è",10
"Jyothi",2
"Jyoti",2
"K R S",2
"K j suresh",2
"K. S. Rao",6
"K. Sarath",3
"KAPIL NIMKER",5
"KNReddy",2
"KRISHNENDU",5
"KULDEEP GUPTA",3
"Kadir",3
"Kailash",5
"Kalpit Sultania",2
"Kani",2
"Kannan",2
"Kapil",3
"Kapil kumar",3
"Karan",2
"Karan Rai",2
"Kareti Naveen",2
"Karthi",2
"Karthik",12
"Karthikeya Reddy",2
"Kartik Sharma",3
"Kartik Yadav",3
"Kaveri Pramod",4
"Kavya Singh",3
"Kedar",5
"Keyur suthar",2
"Khaja moin",8
"Khushbu",2
"Kindle Customer",23
"Kiran Garud",3
"Kiran K.",3
"Kiran Kolla",2
"Kiran Kumar",2
"Kishan Patel",3
"Kishor",2
"Koushal K Jain",2
"Kranthi",4
"Krish",3
"Krishna",12
"Krishna Engineering",5
"Kulveer Singh",2
"Kumar",4
"Kumar Ketan",2
"Kumar Satyam",2
"Kumar.katukuri",3
"Kunal",4
"Kundan",2
"Kush",2
"Kushagra S.",2
"Kushagra Saxena",3
"Kushal",4
"Lakshmi S",2
"Lalitaroat060682@gmail.co",3
"Lalpi Sektak",2
"Lalthakunga",2
"Laxmi",2
"Liton Das",3
"LmcX",2
"Lokesh",3
"Lokesh K V",5
"Lomish Kumar",3
"Lucky",2
"Lulzdrone",2
"M.SASIKUMAR",3
"M.Sathish kumar",2
"MAHENDRA NATH DAS",2
"MAHESH KANCHARANA",2
"MANOHAR MALTHANE",2
"MARIYA DASS",3
"MBS GOLD JEWELLERS",2
"MDR",2
"MK",2
"MOINUL H.",2
"MUHAMMAD ALAU DIN",2
"MUNDATH BALGOPAL",3
"Madan Tejaswi",2
"Madhav",4
"Madhu",2
"Madhurima Dutta",2
"Maestrov",3
"Mahalingam",2
"Mahantesh",3
"Mahender Singh",2
"Mahendra",2
"Mahendran G",3
"Mahesh",10
"Mahesh Chandra K M",4
"Mahesh Kumar",4
"Mahesh Paryani",3
"Mahesh savale",2
"Maheswaran",3
"Mahore.lakhan",2
"Malathi Alunkar",2
"Manan Parmar",5
"Manav",10
"Maneesh Mathew",2
"Mangesh Borkar",4
"Mani",2
"Mani Jha",5
"Manikanta",2
"Manish",10
"Manish B.",2
"Manish P.",2
"Manisha",4
"Manisha tyagi",2
"Manjit Kaur",2
"Manjunath",2
"Mano",2
"Manohar P",2
"Manohar salave",2
"Manoj",6
"Manoj KNS",2
"Manoj Kumar",12
"Manoj Kumar Sahoo",5
"Manoj S.",2
"Manoj Yadav",2
"Manoj kumar",4
"Manoj maddheshiya",5
"Mansi",3
"Mantu kumar Sahoo",2
"Manuj Patel",2
"Mark",2
"Masthan",3
"Mathan kumar",5
"Mathew Jibin",2
"Mathivanan",2
"Max",4
"Mayank",3
"Mayank Dunkwal",4
"Mayank Singh",4
"Mayank Singh Solanki",3
"Mb",2
"Md Aftab",3
"Medha Garg",2
"Meghnad",4
"Meherunnesha Sarkar",4
"Mihul pandey",2
"Mini",2
"Mohammad Thayub Pasha",2
"Mohammadnaeem Surajwala",2
"Mohammed Rameezuddin",2
"Mohammed amaan",2
"Mohammed.afsar",2
"Mohan",8
"Monu",3
"Moon Tej",2
"Moumita Bhanja",2
"Mr Sab.",3
"Mufti Abul Hasan",2
"Mukesh",3
"Mukul",2
"Mukund Nagvenkar",2
"Mukundha2good",6
"Munish waran",3
"Muzafar",2
"Mwnzil brahma",6
"N Patel",3
"NAGA SHANKAR.K",3
"NAGARAJAN",2
"NB SHOP",2
"NILESH",2
"NIRMAL.N",2
"NITIN",2
"NOORUL RILWAN",3
"NOTTADRIS",3
"Nadhiyarasan",2
"Nagaraj S H",2
"Nagendran",3
"Nageswar",2
"Naman",4
"Nancy Arulraj",3
"Nandita Talukdar",4
"Naresh",3
"Naresh kumar",2
"Naveen",8
"Naveen Kumar",4
"Naveen Reddy",2
"Naveen Sharma",2
"Naveenkumar Vemula",2
"Nazaf beg",3
"Neeraj",4
"Neeraj Kumar",2
"Neeraj Vishwakarma",7
"Neeraj yadav",3
"Neetu",3
"Neha",4
"Nevil Gandhi",3
"Niam",7
"Nidhi",2
"Nijamuddin Kuraisi",3
"Nik",2
"Nikhil",6
"Nikhil M.",3
"Nikhil Padwal",2
"Nikunj .R. kukadiya",5
"Nilay Kambli",2
"Nilesh",2
"Nilesh Madhani",2
"Nirbhay kumar",7
"Nirmal",3
"Nirmal Singh",3
"Nisha",5
"Nishan singha Roy",2
"Nishikant",3
"Nishtha Goel",2
"Nitesh",2
"Nitesh singh",5
"Nithin",2
"Nithya",2
"Nithyadhakshina",2
"Nitin",8
"None_123",3
"Noone",2
"Oishi Basak",2
"Olivia",3
"Om Parkash Gagneja",3
"Omkar dhale",7
"Owais",4
"P",4
"P Imran Khan",2
"P P.",2
"P S Agarwal",3
"P VENKATESH",2
"P kanaka raju",2
"PD",2
"PG",2
"PK",2
"PRADEEP",4
"PRAHLADAN K N",2
"Palak dadhich",2
"Palash Gandhi",2
"Palash Santra",2
"Pankaj",10
"Pankaj Bhatt",2
"Pannalal singroli",4
"Pantiphun Gonmei",3
"Paranthaman",2
"Paras Jain",2
"Paras singla",2
"Partha Dey",4
"Parvathi",2
"Parvathi M.K",2
"Patel",2
"Paul Joe",2
"Pavan",4
"Pavan A H",4
"Pavitra S",3
"Pawan",3
"Pawan Kumar",4
"Pawan Kumar yadav",2
"Pawan kumar",2
"Periyasamy",2
"Phani",3
"Piojeet",2
"Piyush Handa",2
"Plaban",3
"Placeholder",59
"Pooja",3
"Pooja Thapa",2
"Pooja jain",2
"Prabhat Raj Pathak",3
"Prabhu",5
"Praburaj",2
"Pradeep",9
"Pradhut Roy",2
"Prakash",5
"Prakash Luhariya",2
"Prakhar gupta",2
"Pralipta Kumar Sahoo",2
"Pramod",3
"Pramod K.",2
"Pranali",3
"Pranav",6
"Pranav Dhumal",2
"Prasad",6
"Prasad Pavithran",4
"Prasannavijayaraghavan G.",3
"Prasanth",2
"Prashant",14
"Prashant Parkhe",2
"Prashanth",2
"Prashanthi",4
"Pratap",3
"Prateek Jain",3
"Prathap Pathaneni",3
"Prathiba R",2
"Prathmesh Acharekar",2
"Pratik",6
"Pratik Patel",2
"Pratyush Pahuja",3
"Praveen Pavitrhran",3
"Praveen kumar",5
"Pravin",4
"Pravin Bhati",2
"Pravin Kumar",3
"Precision Engineering",2
"Preet Sikka",3
"Prem",2
"Prince kumar",3
"Princey",2
"Priti raut",2
"Priti tijare",4
"Pritish Biswas",2
"Pritom Chakraborty",8
"Priya",8
"Priyanka",5
"Priyanka Chowdhury",2
"Priyanka Das",2
"Priyanka Devaraj",2
"Priyesh",2
"Promod George",2
"Pruthvi Raj Goud",2
"Pulak ray",2
"Purnendu",4
"Purvesh",2
"RADHA krishanan",3
"RAJINDER SINGH",2
"RAJULAPATI MARUTHI VARA PRASAD RAO",3
"RAKESH SWAIN",4
"RAM JI GUPTA",2
"RAMA",3
"RAMKISAN",3
"RISHAV RAJ",2
"RM",2
"RN",2
"ROHIT A.",5
"RS",2
"RVK",3
"Radhe",3
"Radhika Arumugam",3
"Raghu",2
"Raghuram",5
"Raghvendra",2
"Rahman Ali",3
"Rahul",9
"Rahul M.",2
"Rahul Pandita",3
"Rahul Raj",2
"Rahul Sharma",5
"Rahul Singh",2
"Rahul Singh Rauthan",4
"Rahul hardaha",2
"Rahul meja",3
"Rahul sharma",3
"Raj",5
"Raj Chavan",2
"Raj Kishor Singh",2
"Raj Mohammed",2
"Raja",4
"Raja Laxman",3
"Rajas c.",2
"Rajasekar K",2
"Rajasekhar",2
"Rajat",2
"Rajat Singh 2",2
"Rajendra",2
"Rajendra K Jadhav",3
"Rajesh",22
"Rajesh Kumar",4
"Rajesh Martis",2
"Rajesh Yadav",2
"Rajesh k.",6
"Rajib",2
"Rajiv krishna",2
"Rajnandini",3
"Raju",3
"Raju Prasad",2
"Rakesh",10
"Rakesh Roshan",2
"Rakesh Roshan Koul",2
"Rakesh kumar",2
"Ram",4
"Ram Sarikh",2
"Rama",2
"Rama Rao",3
"Ramamoorthy",5
"Ramamoorthy Jaykumar",5
"Ramanjaneyulu",2
"Ramesh",4
"Ramesh Haran",2
"Rameshwar Singh Rathore",3
"Ramkapil",4
"Rampratap singh",2
"Ramu Challa",3
"Ranit Barman",2
"Ranjith",2
"Ranjitha Parida",4
"Ranvir Singh",2
"Rashmi",3
"Ravi",9
"Ravi Shankar",2
"Ravi Siddan",7
"Ravi Singh",2
"Ravi shankar",3
"Ravinder singh",2
"Ravinder yadav",4
"Ravindra J.",3
"Ravindra Sistu",2
"Rekha H gohil",4
"Renjith",2
"Richa",3
"Richard",3
"Rinku Barota",3
"Rishabh",3
"Rishabh Gupta",2
"Rishav Gossain",4
"Rishi",3
"Rishi Kapoor",2
"Ritesh",2
"Ritesh Agarwala",2
"Ritika",2
"Riyas R.",2
"Robbin",3
"Rogin Cherian",2
"Rohan",2
"Rohan Narkar",2
"Rohan Wakade",2
"Rohini",2
"Rohit",16
"Ronak",2
"Roshan Renji Cherian",4
"Roy",2
"Rupesh Singh",3
"Rushi",3
"Ryan",2
"S.ARUMUGAM",9
"S.B.Vignesh",2
"S.R K.",2
"S.S.Sohi",2
"S.Sayeed Ahmed",8
"S.Suresh",3
"S.k nahak",6
"SAGAR B PUDABANGI",2
"SAI KIRAN",2
"SARTHAK",3
"SB",2
"SD",2
"SD1908",3
"SEKAR",2
"SHASHANK",2
"SJ",2
"SM",2
"SMG",2
"SNR",2
"SOLANKI LAKHMANBHAI NAJABHAI",2
"SOMNATH DAS",2
"SOURAV DAS",3
"SP",6
"SQL",2
"SRF Prashant",2
"SS",2
"SUBHASH",3
"SUMAN SEN",2
"SUMEDH RANVIR",2
"SUMIT KUJUR",2
"Sabjan",4
"Sacchidanand Pant",3
"Sachin",2
"Sachin Katyal",2
"Sachin Yadav",3
"Sagar",5
"Sagar Bhalerao",2
"Sagar Mahata",3
"Sagar Viswanathan",7
"Sagar Yadav",4
"Sagar kate",2
"Sagarjit",2
"Sai",3
"Sai Sriya",2
"Sai raj",2
"Saigal84",4
"Saima",2
"Sakthi",2
"Sam",2
"Samar Kumar Das",3
"Samba Shiva",5
"Sameer",9
"Sameer Mandal",2
"Sameer Patil",3
"Samir",4
"Samson",3
"Sandeep",5
"Sandeep Kumar",3
"Sandeep Reddy",2
"Sandeep Shriyan",2
"Sandy",2
"Sanjay",4
"Sanjay G.",2
"Sanjay P.",4
"Sanjay gupta",3
"Sanjeev",2
"Sanjeev Kumar",2
"Sanjoy C",4
"Sankar Agarwal",2
"Sankar Prasad Dutta",2
"Santhosh",9
"Santosh",5
"Santosh Ghante",5
"Santosh Kumar",4
"Santosh Kumar Saini",2
"Santosh Panhale",3
"Saptarshi",8
"Saravanan",2
"Sarvesh Yadav",2
"Sasikumar madurai",2
"Satheesh Kadiam",8
"Sathish",3
"Satish",5
"Satish Kumar",2
"Satyajit Patale",4
"Satyam Pandey",3
"Satyanarayana",3
"Saumik Shashwat",2
"Saumil s.",5
"Saurabh",5
"Saurabh Aggarwal",2
"Saurabh Dongre",2
"Saurabh Srivastava",2
"Saurabh kumar",2
"Sayan",2
"Sayan Bhowmick",3
"Sayed",2
"Sean m.",2
"Seema",2
"Selva Vellingiri A",2
"Selva sibi",2
"Senthil Kumar B",2
"Sethu madhav",11
"Sethuram.S",4
"Shaik John Saida",3
"Shailendra",3
"Shakil A.",2
"Shan Mohd",2
"Shankar",10
"Shanky",3
"Shanti lal Gurjar",5
"Shar",2
"Shashank Mallamraju",4
"Shashi",2
"Shashi Kumar",2
"Sheetal",2
"Shek hussain",3
"Shekhar Badola",2
"Shikha",2
"Shilpa",2
"Shilpi",2
"Shirish Shivarkar",2
"Shiva",6
"Shiva sai",2
"Shivam",3
"Shivam Kumar",2
"Shivansh Sharma",5
"Shivasunhith",3
"Shivi",3
"Shraddha",2
"Shreevathsa NC",3
"Shreyas",2
"Shridhar",5
"Shubham",4
"Shubham Gupta",4
"Shubham Pawar",4
"Shubham‚ôé",2
"Shyam",4
"Siddhant",2
"Siddharth",8
"Sidhu",5
"Simi",2
"Simon Rex P. J.",2
"Simranpreet Singh",8
"Sirajdurvesh",2
"Siva",3
"Sivakrishna",2
"SivavaraprasadPV",4
"Sneha Suyal",3
"Snigdha Mallik",3
"Soham Dere",3
"Sohan Maity",2
"Sonal",2
"Sonal ashish",3
"Sonic",4
"Soopy",6
"Soumendra Pattanayak",3
"Soumya R.",2
"Sourabh",2
"Souryajit Swain",3
"Souvik",3
"Sowdesh K.",2
"Sowmya",2
"Sree ram vasanthada",2
"Sreejith",2
"Sreekanth",3
"Sreenath",2
"Sreeram",2
"Sri",2
"Sridhar",3
"Srini",2
"Srinivas",5
"Srinivasan Subramanian",2
"Srinu Jonnada",2
"Sriram",2
"Sriram Ramanathan",2
"Srivastava rahul",2
"Steve",3
"Subanathan",2
"Subham",2
"Subhasisha B.",2
"Subodh Gupta",2
"Subodh kumar",3
"Subramanyam",2
"Subrat",4
"Sudheer",3
"Sugam Agrawal",3
"Sujal Negi",2
"SujayZ‚Ñ¢Ô∏è‚òëÔ∏è",3
"Sujili v",3
"Sujit",2
"Sujitkumar Thorat",3
"Sukrit Basak",4
"Sukumar Ballavolu",3
"Suman",3
"Sumesh",2
"Sumesh Sundararajan",6
"Sumit",6
"Sumit Nath",2
"Sumit jogade",2
"SunDeeP ChebrolU",2
"Sundar",2
"Sundaram J.",3
"Sundeep",8
"Sunil",7
"Sunil Funde",3
"Sunil Govind Jawale",2
"Sunil Sharma",3
"Sunny J.",3
"Sunny Panchal",3
"Supratim Banerjee",2
"Suraj",3
"Suraj Chand",4
"Suraj_nirmalkar",5
"Suresh",2
"Suriya",7
"Surya",2
"Sushma Pradhan",4
"Suvajit Thakura",2
"Swamy",2
"Swapnil",2
"Swapnil Patil",3
"Swasat Borah",3
"Swatilekha Sarkar",3
"SyedShoaib Afnan",2
"T-y",2
"THENNARASU",2
"Tabassum",2
"Tajammul Hussain",2
"Talo Mosuom",3
"Tamanna",2
"Tamil selvan",2
"Tamzid Hasa Dipu",2
"Tanankirambabu",2
"Tanisha bhoir",2
"Tanishq",2
"Tanmay",2
"Tannu Mahanand",2
"Tanu",3
"Tanveer",2
"Tanya",4
"Tarun",2
"Tarun Gupta",4
"Tarun Kumar Sharma",2
"Tasmai Agrawal",2
"Tathagata Chakraborty",2
"Taufique Ahmed",3
"TechDevoteeIndia",3
"Tejas",4
"Tejas Jha",2
"Tejas Panchal",3
"Tessy George",2
"The Mango Couple",2
"The Scarred Man",3
"Theeban Raj",3
"Thenmozhi",2
"Thiyagarajan",3
"Thomas",2
"Thota Srinivas",2
"Thukkaram",3
"Titus P.",2
"Tom",2
"Tribhuvan more",3
"UMAKANTA SASMAL",2
"Uday",3
"Udaykumar",7
"Umpo",2
"Unboxing video by Abananeez",2
"Unknown",6
"User",9
"UtdBuzz",2
"Utkarsh Tripathi",2
"Uttam",2
"Uzair Drabu",2
"Uzef",2
"V Arumugaperumal",3
"V V GIRI KUMAR",3
"VARUN PANDEY",2
"VIJAYAKUMAR",2
"VINAY",2
"VISHAL H BADSHE",4
"VM",2
"Vaibhav",5
"Vaibhav Adsul",2
"Vaibhav S",2
"Vaibhav Sharma",3
"Vaibhav saxena",3
"Vaishnavi",5
"Vaishnavi Sonker",2
"Val Coutinho",2
"Vamsi Mohan",3
"Vani",2
"Varun",4
"Varun Kumar",3
"Vasanth",2
"Vasudev",5
"Vasudeva",2
"Vasudeva Govindraju",3
"Velir",2
"Velmurugan",2
"Venkatesan",2
"Venkatesh",2
"Venu Singani",3
"Verified Buyer",2
"Verified Customer",2
"Vicky kashyap",2
"Vidhi Nigam",3
"Vignesh",2
"Vihari",3
"Vijay",8
"Vijay Baitha",6
"Vijay Sreekantan",2
"Vijay prajapati",3
"Vijaya",2
"Vijaya lakshmi",3
"Vijayan C V",4
"Vikas",5
"Vikas Jeughale",2
"Vikas Keshavrao Vanave",3
"Vikas Singh",2
"Vikas kabra",5
"Vikram Kumar",6
"Vikrant",2
"Vimal kumar g s",2
"Vinay",9
"Vinay Bucha",2
"Vinay Kumar Sadhula",3
"Vineet",4
"Vineeth G",2
"Vinod",3
"Vinod Bhattu",2
"Vinod Gahlot",2
"Vinod Jadhao",4
"Vinod kumar",3
"Vipan Agnihotri",2
"Vipin",2
"Vipul Vora",2
"Vishal",6
"Vishal Bhardwaj",2
"Vishal Mehra",2
"Vishal Sagara Shetty",3
"Vishal gupta",3
"Vishal shah",2
"Vishnu",4
"Vishnu Narayanan",2
"Vishnu VP",3
"Vishnu singh",2
"Vishwa",8
"Vismay",2
"Vivek",12
"Vivek Kumar",2
"Vivek kumar",5
"Vyshnav g nair",3
"Waseemakram",2
"Well person",2
"Wellwisher",2
"Wilson Rodrigues",2
"Wizzy",2
"Wraith",5
"XYZ",2
"Xolo",3
"Y Kiran Korneli Reddy",3
"YOGESH",6
"Yadav",3
"Yajnesh",2
"Yash",4
"Yash suhagiya",2
"Yashpreet Singh",3
"Yasinlove",2
"Yasoob Rizvi",2
"Yatin",2
"Yogesh",2
"Yogesh Badekar",2
"Yousuf",2
"Yuvashree",3
"aQeel",5
"abhijit",3
"aditya",3
"aditya d.",2
"ajay",2
"akanksha",2
"alok tripathi",2
"amar singh chouhan",7
"amazon customer",6
"amazon user",2
"amit kumar",2
"amit nayak",6
"amitosh biswas",2
"anas",2
"anil",2
"ankit dalal",2
"anurag",3
"anuragnaidu",2
"archit",2
"arjun sharma",3
"arun",6
"arun kumar",2
"arya",3
"ashik rahman c",2
"ashish bajaj",2
"basavaraj huggi",4
"bhanu",2
"bhaskar",2
"bhavesh sabalpara",2
"biswaboka",2
"chaitanya srikrishna",2
"chakrapani p",2
"chetan kamerkar",4
"chetan tandel",7
"chintan",3
"customer",2
"datta DG",2
"deep",3
"deepa",2
"deepak",2
"deepank Sonwal",2
"dhruvi",2
"dinesh",6
"drravish",2
"ganesh",4
"gopi",2
"gunasekaran desomayananam",4
"hari",2
"harpreet",3
"hemant",2
"hiba",3
"hrithik",3
"indhu",7
"indrajyoti d.",10
"janarthanan",4
"jaspreet singh",8
"jaswant sai",2
"jayaprathap",2
"kajal Kiran",2
"kanishk",2
"kapil",2
"karan",3
"karuppu k",4
"kavan",2
"keshav",4
"keshav Chelmeti",4
"khushal027",2
"kottala samuel",2
"koustav",2
"kuldip teli",2
"kumar Raja D",3
"lalit",2
"livin sebi",3
"lokeshnist",2
"madhu",4
"mahaboobali khan",2
"mahesh radheshyam tawari",3
"manish",2
"manjunath h",3
"mitesh",2
"mohd irfan",2
"mram",2
"naveen",3
"nilesh",3
"nisar",4
"nitesh",3
"pallavi",2
"palpandia153",2
"pawan k.",3
"pooja",2
"prabakaran",5
"pragati",2
"prakash",2
"pramod b.",2
"prasanth",2
"prateeq",4
"pravesh",4
"priyanka Gowda",2
"pruthvi natraj",3
"pushkraj_4_ever",3
"rag",3
"rahul",2
"rahuls6099",3
"raja",3
"rajat kumar",2
"rajendra",2
"rajendran",4
"rajiv",2
"ramesh",2
"ravi",3
"rhymerium",2
"rohit",2
"roshan",3
"roshan s.",3
"roy",2
"ruhi a.",2
"s s.",2
"sai k.",2
"sai niharka",3
"samarth shukla",2
"sameer Dubey",4
"sandeep",2
"sandip",2
"sangamesh",5
"sanjay",3
"sanket",2
"santosh",3
"saqib malik",3
"satyanarayana",2
"sejal ghuge",2
"seshu P",2
"shaan bishwas",2
"shaker",2
"shalem",3
"shallu",2
"shaurya",3
"shiv",3
"shradha nair",2
"shreyas",3
"shubham",3
"shwetha murthy",2
"siddharth patnaik",6
"simam.mular",2
"siva k.",3
"sivaramakrishnan c",2
"smsn",2
"sonia",7
"subeh sharma",2
"subhabrata paul",2
"sudhanshu chaubey",3
"sudhansu sekhar khandai",2
"sumegh",2
"sumit",3
"sunil",3
"supreeth achar",2
"suraj",2
"suresh",3
"suresh gaur",3
"sushil kumar",2
"swaraj",2
"swarn",4
"syed azhar abbas",5
"tarun",2
"tarun kumar",3
"uday",2
"uma vijay",3
"vansh gurjar",4
"varun sharma",2
"veer",2
"venkatesh",4
"venkatesh kg",5
"vijay",3
"vinayp",6
"vinod thonti",4
"vipin gupta",2
"virender",4
"virender malhotra",4
"vishalkumar patil",2
"viswanath",3
"viswanath Raju",4
"vivek",2
"vivek rajpooot",2
"xxxxxxxxxxxxxxxxxxxxxx",3
"yeses",3
"yogita ratre",4
"zubair",2
"√ÇRUN MOHAN",2
"‡§∂‡•ç‡§∞‡•ÄPK‡§ú‡•Ä",5
"‚ö° Pushpendra Singh Patel ‚ö°",4
"ùïµùñÜùñôùñéùñì ùïÆùñçùñÜùñâùñçùñÜ",2
